Display Task ID,Task ID,url,number,state,phase,title,body,milestone_or_output,acceptance_criteria,Template Dependencies,Dependencies,start_date,end_date,wall_days,billable_days,Labels,Assignees,notes,status
1.1,,,,,Discovery & Planning,Market Research & Competitive Analysis,"### Description

Conduct comprehensive market research to understand target audience, market size, and competitive landscape.

### Software product launch context

This phase establishes the foundation for the product by understanding market needs, defining requirements, and creating a comprehensive project plan.

### Key steps

- Identify target customer segments and personas
- Analyze competitor products and pricing
- Research market trends and opportunities
- Document market size and growth projections
- Identify key differentiators and value propositions

### Dependencies

- Upstream tasks: None (starting task)

### Deliverable

Market Research Report

### Acceptance criteria

- Market research report is completed and reviewed by stakeholders
- Target personas are clearly defined
- Competitive analysis includes at least 5 major competitors
- Market opportunity is quantified with data
- Findings are documented and stored in project workspace",Market Research Report,,,,,,5,2,"PM, Marketing",,,
1.2,,,,,Discovery & Planning,Requirements Gathering,"### Description

Collect and document functional and non-functional requirements from stakeholders, users, and business needs.

### Software product launch context

This phase establishes the foundation for the product by understanding market needs, defining requirements, and creating a comprehensive project plan.

### Key steps

- Conduct stakeholder interviews
- Gather user stories and use cases
- Document functional requirements
- Define non-functional requirements (performance, security, scalability)
- Prioritize features using MoSCoW or similar framework

### Dependencies

- Upstream tasks: `1.1`

### Deliverable

Product Requirements Document (PRD)

### Acceptance criteria

- PRD is completed and reviewed by all stakeholders
- All user stories are documented with acceptance criteria
- Requirements are prioritized and categorized
- Technical constraints and assumptions are documented
- Document is version controlled and accessible to team",Product Requirements Document (PRD),,1.1,,,,5,3,"PM, Product, Engr",,,
1.3,,,,,Discovery & Planning,Technical Feasibility Assessment,"### Description

Evaluate technical feasibility of proposed features and architecture decisions.

### Software product launch context

This phase establishes the foundation for the product by understanding market needs, defining requirements, and creating a comprehensive project plan.

### Key steps

- Review technology stack options
- Assess technical risks and constraints
- Create high-level architecture diagrams
- Identify potential technical challenges
- Estimate development complexity

### Dependencies

- Upstream tasks: `1.2`

### Deliverable

Technical Feasibility Report & Architecture Overview

### Acceptance criteria

- Technical feasibility report is completed
- Architecture decisions are documented with rationale
- Technical risks are identified and mitigation strategies proposed
- Technology stack is selected and justified
- Report is reviewed by engineering leadership",Technical Feasibility Report & Architecture Overview,,1.2,,,,3,2,"TL, Engr",,,
1.4,,,,,Discovery & Planning,Project Planning & Timeline,"### Description

Create detailed project plan with timeline, milestones, resource allocation, and budget.

### Software product launch context

This phase establishes the foundation for the product by understanding market needs, defining requirements, and creating a comprehensive project plan.

### Key steps

- Break down work into sprints/iterations
- Estimate effort for each major feature
- Allocate team resources
- Define project milestones and deliverables
- Create project timeline with dependencies
- Establish budget and cost estimates

### Dependencies

- Upstream tasks: `1.2, 1.3`

### Deliverable

Project Plan & Timeline Document

### Acceptance criteria

- Project plan is completed and approved by stakeholders
- Timeline is realistic and accounts for dependencies
- Resource allocation is documented
- Budget is approved by finance
- Plan is stored in project management system",Project Plan & Timeline Document,,"1.2,1.3",,,,3,2,"PM, Finance",,,
1.5,,,,,Discovery & Planning,Stakeholder Approval & Kickoff,"### Description

Present project plan to stakeholders and obtain formal approval to proceed.

### Software product launch context

This phase establishes the foundation for the product by understanding market needs, defining requirements, and creating a comprehensive project plan.

### Key steps

- Prepare executive presentation
- Present project plan, timeline, and budget
- Address stakeholder questions and concerns
- Obtain formal sign-off and approval
- Conduct project kickoff meeting with team

### Dependencies

- Upstream tasks: `1.4`

### Deliverable

Project Approval & Kickoff Complete

### Acceptance criteria

- All stakeholders have approved the project plan
- Budget is approved and allocated
- Team kickoff meeting is conducted
- Project is officially initiated
- Communication channels and processes are established",Project Approval & Kickoff Complete,,1.4,,,,1,0.5,"PM, Executives",,,
2.1,,,,,Product Development,UI/UX Design,"### Description

Create user interface and user experience designs for the product.

### Software product launch context

This phase converts requirements into a fully functional product through design, development, and integration of all components.

### Key steps

- Create user flows and wireframes
- Design visual mockups and prototypes
- Conduct usability testing with target users
- Iterate based on feedback
- Create design system and component library
- Prepare design specifications for development

### Dependencies

- Upstream tasks: `1.2`

### Deliverable

UI/UX Design Mockups & Design System

### Acceptance criteria

- All major user flows are designed and documented
- High-fidelity mockups are completed for all screens
- Design system is created and documented
- Usability testing is conducted and feedback incorporated
- Designs are approved by product and engineering teams
- Design files are organized and accessible to team",UI/UX Design Mockups & Design System,,1.5,,,,10,8,"Designer, Product",,,
2.2,,,,,Product Development,Database Design & Setup,"### Description

Design database schema and set up development database infrastructure.

### Software product launch context

This phase converts requirements into a fully functional product through design, development, and integration of all components.

### Key steps

- Design database schema and data models
- Define relationships and constraints
- Set up development database environment
- Create database migration scripts
- Document data architecture
- Implement database security measures

### Dependencies

- Upstream tasks: `1.3`

### Deliverable

Database Schema & Development Database

### Acceptance criteria

- Database schema is designed and documented
- Development database is set up and accessible
- Migration scripts are created and tested
- Data models are reviewed and approved
- Security measures are implemented
- Database documentation is complete",Database Schema & Development Database,,1.5,,,,3,2,"Backend Engr, DBA",,,
2.3,,,,,Product Development,Backend API Development,"### Description

Develop backend services and REST APIs for the product.

### Software product launch context

This phase converts requirements into a fully functional product through design, development, and integration of all components.

### Key steps

- Set up backend project structure
- Implement core business logic
- Develop REST API endpoints
- Implement authentication and authorization
- Add input validation and error handling
- Write unit and integration tests
- Set up API documentation

### Dependencies

- Upstream tasks: `2.2`

### Deliverable

Backend API & Documentation

### Acceptance criteria

- All API endpoints are implemented and tested
- Authentication and authorization are working
- API documentation is complete and up-to-date
- Code coverage meets minimum thresholds
- Code is reviewed and merged to main branch
- APIs are deployed to staging environment",Backend API & Documentation,,2.2,,,,20,15,"Backend Engr, TL",,,
2.4,,,,,Product Development,Frontend Development,"### Description

Develop frontend application using approved designs.

### Software product launch context

This phase converts requirements into a fully functional product through design, development, and integration of all components.

### Key steps

- Set up frontend project structure
- Implement UI components from designs
- Integrate with backend APIs
- Implement client-side routing
- Add form validation and error handling
- Optimize for performance and accessibility
- Write unit and component tests

### Dependencies

- Upstream tasks: `2.1, 2.3`

### Deliverable

Frontend Application

### Acceptance criteria

- All UI screens are implemented according to designs
- Frontend is integrated with backend APIs
- Application is responsive and accessible
- Code coverage meets minimum thresholds
- Code is reviewed and merged to main branch
- Application is deployed to staging environment",Frontend Application,,"2.1,2.3",,,,25,20,"Frontend Engr, Designer",,,
2.5,,,,,Product Development,Third-Party Integrations,"### Description

Integrate with external services and APIs (payment, analytics, email, etc.).

### Software product launch context

This phase converts requirements into a fully functional product through design, development, and integration of all components.

### Key steps

- Identify required third-party services
- Research and select integration partners
- Implement API integrations
- Handle error cases and retries
- Test integration flows end-to-end
- Document integration architecture

### Dependencies

- Upstream tasks: `2.3`

### Deliverable

Third-Party Integrations Complete

### Acceptance criteria

- All required integrations are implemented
- Integration error handling is robust
- End-to-end integration tests pass
- Integration documentation is complete
- Integrations are tested in staging environment
- API keys and credentials are securely managed",Third-Party Integrations Complete,,2.3,,,,5,4,"Backend Engr, Integrations Engr",,,
2.6,,,,,Product Development,Security Implementation,"### Description

Implement security measures including authentication, authorization, data encryption, and security best practices.

### Software product launch context

This phase converts requirements into a fully functional product through design, development, and integration of all components.

### Key steps

- Implement secure authentication (OAuth, JWT, etc.)
- Set up role-based access control
- Encrypt sensitive data at rest and in transit
- Implement security headers and CORS policies
- Conduct security code review
- Perform vulnerability scanning
- Set up security monitoring and logging

### Dependencies

- Upstream tasks: `2.3, 2.4`

### Deliverable

Security Implementation & Audit Report

### Acceptance criteria

- Authentication and authorization are implemented
- Data encryption is in place
- Security vulnerabilities are identified and fixed
- Security audit is completed
- Security monitoring is configured
- Security documentation is complete",Security Implementation & Audit Report,,"2.3,2.4",,,,5,4,"Security Engr, Backend Engr",,,
2.7,,,,,Product Development,Development Milestone Review,"### Description

Conduct milestone review to assess progress and quality before moving to next phase.

### Software product launch context

This phase converts requirements into a fully functional product through design, development, and integration of all components.

### Dependencies

- Upstream tasks: `2.4, 2.5, 2.6`

### Deliverable

Milestone Review Complete

### Acceptance criteria

- All development tasks are completed
- Code quality standards are met
- Technical debt is documented and prioritized
- Team retrospective is conducted
- Next phase planning is initiated",Milestone Review Complete,,"2.4,2.5,2.6",,,,1,1,"PM, TL, Engr",,,
3.1,,,,,Marketing & Sales Prep,Brand Identity & Messaging,"### Description

Develop brand identity, messaging framework, and positioning strategy.

### Software product launch context

This phase prepares marketing and sales materials, campaigns, and infrastructure to support product launch and customer acquisition.

### Key steps

- Define brand values and personality
- Create brand guidelines and style guide
- Develop key messaging and value propositions
- Create brand assets (logo, colors, typography)
- Develop positioning statement
- Create brand voice and tone guidelines

### Dependencies

- Upstream tasks: `1.1`

### Deliverable

Brand Guidelines & Messaging Framework

### Acceptance criteria

- Brand guidelines document is completed
- All brand assets are created and approved
- Messaging framework is documented
- Brand identity is approved by stakeholders
- Guidelines are accessible to all team members",Brand Guidelines & Messaging Framework,,1.5,,,,5,3,"Marketing, Brand",,,
3.2,,,,,Marketing & Sales Prep,Website Development,"### Description

Build marketing website with product information, features, and lead capture.

### Software product launch context

This phase prepares marketing and sales materials, campaigns, and infrastructure to support product launch and customer acquisition.

### Key steps

- Design website layout and pages
- Develop responsive website
- Implement SEO optimization
- Add analytics tracking
- Create lead capture forms
- Integrate with CRM system
- Conduct usability testing

### Dependencies

- Upstream tasks: `3.1`

### Deliverable

Marketing Website Live

### Acceptance criteria

- Website is designed and developed
- All pages are responsive and accessible
- SEO is optimized
- Analytics tracking is implemented
- Lead capture forms are working
- Website is tested and approved
- Website is deployed to production",Marketing Website Live,,3.1,,,,10,8,"Marketing, Web Dev",,,
3.3,,,,,Marketing & Sales Prep,Content Creation,"### Description

Create marketing content including blog posts, case studies, whitepapers, and social media content.

### Software product launch context

This phase prepares marketing and sales materials, campaigns, and infrastructure to support product launch and customer acquisition.

### Key steps

- Develop content strategy and calendar
- Write blog posts and articles
- Create case studies and testimonials
- Develop whitepapers and ebooks
- Create social media content
- Produce video content (if applicable)
- Optimize content for SEO

### Dependencies

- Upstream tasks: `3.1`

### Deliverable

Content Library & Calendar

### Acceptance criteria

- Content strategy is documented
- Initial content library is created
- Content calendar is planned for 3+ months
- All content is reviewed and approved
- Content is optimized for SEO
- Content is published and accessible",Content Library & Calendar,,3.1,,,,15,10,"Marketing, Content",,,
3.4,,,,,Marketing & Sales Prep,Sales Materials & Collateral,"### Description

Create sales enablement materials including pitch decks, one-pagers, and demo scripts.

### Software product launch context

This phase prepares marketing and sales materials, campaigns, and infrastructure to support product launch and customer acquisition.

### Key steps

- Create sales pitch deck
- Develop product one-pagers
- Write demo scripts and talking points
- Create comparison sheets and competitive analysis
- Develop ROI calculators or tools
- Create email templates for outreach
- Prepare FAQ documents

### Dependencies

- Upstream tasks: `3.1, 2.4`

### Deliverable

Sales Materials Package

### Acceptance criteria

- All sales materials are created
- Materials are reviewed by sales team
- Demo scripts are tested and refined
- Sales team is trained on materials
- Materials are stored in accessible location
- Materials are version controlled",Sales Materials Package,,"3.1,2.4",,,,5,4,"Sales, Marketing, Product",,,
3.5,,,,,Marketing & Sales Prep,Marketing Campaign Planning,"### Description

Plan marketing campaigns across multiple channels (email, social, paid ads, PR).

### Software product launch context

This phase prepares marketing and sales materials, campaigns, and infrastructure to support product launch and customer acquisition.

### Key steps

- Define campaign objectives and KPIs
- Identify target audiences for each channel
- Plan email marketing campaigns
- Develop social media strategy
- Plan paid advertising campaigns (Google, LinkedIn, etc.)
- Develop PR and media outreach plan
- Create campaign calendar and timeline

### Dependencies

- Upstream tasks: `3.1, 3.3`

### Deliverable

Marketing Campaign Plan

### Acceptance criteria

- Campaign plan is documented
- Campaign objectives and KPIs are defined
- Channel strategies are developed
- Campaign calendar is created
- Budget is allocated and approved
- Campaign assets are prepared",Marketing Campaign Plan,,"3.1,3.3",,,,3,2,"Marketing, PM",,,
3.6,,,,,Marketing & Sales Prep,CRM & Sales Tools Setup,"### Description

Set up customer relationship management system and sales tools.

### Software product launch context

This phase prepares marketing and sales materials, campaigns, and infrastructure to support product launch and customer acquisition.

### Key steps

- Select and configure CRM system
- Set up sales pipeline and stages
- Configure lead scoring and routing
- Integrate CRM with marketing tools
- Set up sales reporting and dashboards
- Train sales team on CRM usage
- Configure email tracking and automation

### Dependencies

- Upstream tasks: `3.2`

### Deliverable

CRM System Configured & Team Trained

### Acceptance criteria

- CRM system is configured and operational
- Sales pipeline is set up
- Lead management process is documented
- Sales team is trained and using CRM
- Integrations are working
- Reporting dashboards are created",CRM System Configured & Team Trained,,3.2,,,,3,2,"Sales, IT",,,
4.1,,,,,Beta & QA,Beta Testing Program Setup,"### Description

Recruit beta testers and set up beta testing program infrastructure.

### Software product launch context

This phase validates product quality, performance, and user experience through comprehensive testing and feedback collection before public launch.

### Key steps

- Define beta testing objectives and criteria
- Recruit beta testers from target audience
- Set up beta testing platform/environment
- Create beta testing guidelines and instructions
- Set up feedback collection mechanisms
- Prepare beta tester onboarding materials

### Dependencies

- Upstream tasks: `2.7`

### Deliverable

Beta Testing Program Launched

### Acceptance criteria

- Beta testers are recruited (target number met)
- Beta testing environment is set up
- Feedback collection system is operational
- Beta testers are onboarded
- Beta testing guidelines are distributed
- Program is officially launched",Beta Testing Program Launched,,2.7,,,,5,2,"Product, QA",,,
4.2,,,,,Beta & QA,Internal QA Testing,"### Description

Conduct comprehensive internal quality assurance testing.

### Software product launch context

This phase validates product quality, performance, and user experience through comprehensive testing and feedback collection before public launch.

### Key steps

- Create test plans and test cases
- Execute functional testing
- Perform regression testing
- Conduct performance and load testing
- Test security and vulnerability scanning
- Test cross-browser and device compatibility
- Document bugs and issues

### Dependencies

- Upstream tasks: `2.7`

### Deliverable

QA Test Report & Bug List

### Acceptance criteria

- All test cases are executed
- Critical and high-priority bugs are identified
- Test report is documented
- Bug tracking system is up-to-date
- Performance benchmarks are met
- Security testing is completed",QA Test Report & Bug List,,2.7,,,,10,8,"QA, Engr",,,
4.3,,,,,Beta & QA,Bug Fixes & Iterations,"### Description

Address bugs and issues identified during testing, and implement improvements based on feedback.

### Software product launch context

This phase validates product quality, performance, and user experience through comprehensive testing and feedback collection before public launch.

### Key steps

- Prioritize bugs and issues
- Fix critical and high-priority bugs
- Implement improvements from beta feedback
- Conduct regression testing after fixes
- Update documentation as needed
- Re-test fixed issues

### Dependencies

- Upstream tasks: `4.1, 4.2`

### Deliverable

Bugs Fixed & Product Improved

### Acceptance criteria

- All critical bugs are fixed
- High-priority bugs are resolved or documented
- Beta feedback is reviewed and prioritized
- Improvements are implemented
- Regression testing passes
- Product quality meets launch criteria",Bugs Fixed & Product Improved,,"4.1,4.2",,,,10,8,"Engr, QA",,,
4.4,,,,,Beta & QA,Performance Optimization,"### Description

Optimize application performance, load times, and scalability.

### Software product launch context

This phase validates product quality, performance, and user experience through comprehensive testing and feedback collection before public launch.

### Key steps

- Identify performance bottlenecks
- Optimize database queries
- Implement caching strategies
- Optimize frontend assets and code
- Conduct load testing
- Optimize API response times
- Set up performance monitoring

### Dependencies

- Upstream tasks: `4.2`

### Deliverable

Performance Optimization Complete

### Acceptance criteria

- Performance benchmarks are met
- Load testing shows system can handle expected traffic
- Page load times meet targets
- API response times are optimized
- Performance monitoring is configured
- Performance improvements are documented",Performance Optimization Complete,,4.2,,,,5,4,"Backend Engr, Frontend Engr",,,
4.5,,,,,Beta & QA,Accessibility & Compliance,"### Description

Ensure product meets accessibility standards and regulatory compliance requirements.

### Software product launch context

This phase validates product quality, performance, and user experience through comprehensive testing and feedback collection before public launch.

### Key steps

- Conduct accessibility audit (WCAG compliance)
- Fix accessibility issues
- Implement compliance measures (GDPR, CCPA, etc.)
- Create privacy policy and terms of service
- Set up data protection measures
- Conduct compliance review

### Dependencies

- Upstream tasks: `4.2`

### Deliverable

Accessibility & Compliance Certification

### Acceptance criteria

- Product meets WCAG 2.1 AA standards
- Privacy policy and terms are published
- Compliance measures are implemented
- Data protection is in place
- Compliance review is completed
- Documentation is complete",Accessibility & Compliance Certification,,4.2,,,,5,3,"Legal, Engr, QA",,,
4.6,,,,,Beta & QA,Beta Feedback Analysis,"### Description

Analyze beta testing feedback and determine necessary changes before launch.

### Software product launch context

This phase validates product quality, performance, and user experience through comprehensive testing and feedback collection before public launch.

### Key steps

- Collect and aggregate beta feedback
- Analyze feedback for patterns and themes
- Prioritize feedback items
- Determine which changes to implement
- Create action plan for feedback items
- Present findings to stakeholders

### Dependencies

- Upstream tasks: `4.1, 4.3`

### Deliverable

Beta Feedback Analysis Report

### Acceptance criteria

- All beta feedback is collected and analyzed
- Key themes and patterns are identified
- Prioritized action plan is created
- Stakeholders are informed of findings
- Decisions are made on feedback items
- Report is documented and shared",Beta Feedback Analysis Report,,"4.1,4.3",,,,3,2,"Product, PM",,,
4.7,,,,,Beta & QA,Pre-Launch Checklist,"### Description

Complete final pre-launch checklist to ensure readiness.

### Software product launch context

This phase validates product quality, performance, and user experience through comprehensive testing and feedback collection before public launch.

### Dependencies

- Upstream tasks: `4.3, 4.4, 4.5, 4.6`

### Deliverable

Pre-Launch Checklist Complete

### Acceptance criteria

- All pre-launch items are completed
- Final quality checks pass
- Launch readiness is confirmed
- Team is prepared for launch
- Go/no-go decision is made",Pre-Launch Checklist Complete,,"4.3,4.4,4.5,4.6",,,,1,1,"PM, TL",,,
5.1,,,,,Launch,Production Environment Setup,"### Description

Set up and configure production infrastructure and deployment pipeline.

### Software product launch context

This phase executes the product launch, deploys to production, and ensures successful customer onboarding and initial operations.

### Key steps

- Provision production servers and infrastructure
- Configure production databases
- Set up CI/CD pipeline for production
- Configure production monitoring and logging
- Set up backup and disaster recovery
- Implement production security measures
- Conduct infrastructure testing

### Dependencies

- Upstream tasks: `4.7`

### Deliverable

Production Environment Ready

### Acceptance criteria

- Production infrastructure is provisioned
- CI/CD pipeline is configured and tested
- Monitoring and logging are operational
- Backup and recovery procedures are tested
- Security measures are implemented
- Infrastructure is ready for deployment",Production Environment Ready,,4.7,,,,5,4,"DevOps, Backend Engr",,,
5.2,,,,,Launch,Production Deployment,"### Description

Deploy application to production environment and verify deployment.

### Software product launch context

This phase executes the product launch, deploys to production, and ensures successful customer onboarding and initial operations.

### Key steps

- Execute production deployment
- Verify all services are running
- Test critical user flows in production
- Verify database migrations
- Check integrations are working
- Monitor for errors and issues
- Roll back if critical issues found

### Dependencies

- Upstream tasks: `5.1`

### Deliverable

Application Deployed to Production

### Acceptance criteria

- Deployment is successful
- All services are operational
- Critical flows are tested and working
- No critical errors in production
- Monitoring shows healthy system
- Team is ready for launch",Application Deployed to Production,,5.1,,,,2,1,"DevOps, Engr",,,
5.3,,,,,Launch,Launch Day Execution,"### Description

Execute launch day activities including marketing campaigns, announcements, and monitoring.

### Software product launch context

This phase executes the product launch, deploys to production, and ensures successful customer onboarding and initial operations.

### Key steps

- Execute marketing campaigns (email, social, ads)
- Publish launch announcements
- Monitor system performance and errors
- Monitor user sign-ups and activity
- Respond to user inquiries and support requests
- Track launch metrics and KPIs
- Address any immediate issues

### Dependencies

- Upstream tasks: `5.2`

### Deliverable

Product Launch Complete

### Acceptance criteria

- Launch announcements are published
- Marketing campaigns are active
- System is stable and performing well
- User sign-ups are occurring
- Support team is responding to inquiries
- Launch metrics are being tracked
- No critical issues blocking launch",Product Launch Complete,,5.2,,,,1,1,"PM, Marketing, Support",,,
5.4,,,,,Launch,Customer Onboarding,"### Description

Onboard initial customers and ensure they can successfully use the product.

### Software product launch context

This phase executes the product launch, deploys to production, and ensures successful customer onboarding and initial operations.

### Key steps

- Send welcome emails to new users
- Provide onboarding tutorials and guides
- Conduct onboarding webinars or demos
- Monitor user onboarding completion rates
- Collect early user feedback
- Address onboarding issues quickly
- Track user activation metrics

### Dependencies

- Upstream tasks: `5.3`

### Deliverable

Customers Successfully Onboarded

### Acceptance criteria

- Onboarding materials are sent to users
- Onboarding completion rate meets target
- Users are successfully using core features
- Early feedback is collected
- Onboarding issues are addressed
- Activation metrics are tracked",Customers Successfully Onboarded,,5.3,,,,5,3,"Customer Success, Product",,,
5.5,,,,,Launch,Launch Monitoring & Support,"### Description

Monitor system health, user activity, and provide support during launch period.

### Software product launch context

This phase executes the product launch, deploys to production, and ensures successful customer onboarding and initial operations.

### Key steps

- Monitor system performance and uptime
- Track error rates and resolve issues
- Monitor user activity and engagement
- Provide customer support
- Track key launch metrics
- Conduct daily standups to address issues
- Document lessons learned

### Dependencies

- Upstream tasks: `5.3`

### Deliverable

Launch Monitoring & Support Active

### Acceptance criteria

- System monitoring is active
- Support team is responding to issues
- Key metrics are being tracked
- Issues are being resolved quickly
- Daily monitoring reports are created
- Team is available for rapid response",Launch Monitoring & Support Active,,5.3,,,,7,5,"Support, Engr, PM",,,
6.1,,,,,Post-Launch Support,Analytics & Metrics Review,"### Description

Review launch analytics and key performance metrics to assess success.

### Software product launch context

This phase supports ongoing operations, monitors performance, collects feedback, and plans product iterations based on real-world usage and data.

### Key steps

- Collect and analyze launch metrics
- Review user acquisition and activation
- Analyze user engagement and retention
- Review revenue metrics (if applicable)
- Compare results to launch goals
- Identify trends and patterns
- Create analytics dashboard

### Dependencies

- Upstream tasks: `5.3`

### Deliverable

Launch Analytics Report

### Acceptance criteria

- Launch metrics are collected and analyzed
- Analytics dashboard is created
- Results are compared to goals
- Key insights are identified
- Report is shared with stakeholders
- Recommendations are documented",Launch Analytics Report,,5.3,,,,3,2,"Analytics, PM",,,
6.2,,,,,Post-Launch Support,User Feedback Collection,"### Description

Systematically collect and organize user feedback from multiple channels.

### Software product launch context

This phase supports ongoing operations, monitors performance, collects feedback, and plans product iterations based on real-world usage and data.

### Key steps

- Set up feedback collection mechanisms
- Monitor support tickets and inquiries
- Conduct user surveys
- Analyze app store reviews (if applicable)
- Review social media mentions
- Organize feedback by theme and priority
- Create feedback backlog

### Dependencies

- Upstream tasks: `5.3`

### Deliverable

User Feedback Repository

### Acceptance criteria

- Feedback collection systems are in place
- Feedback is collected from all channels
- Feedback is organized and categorized
- Feedback backlog is created and prioritized
- Feedback trends are identified
- Feedback is accessible to product team",User Feedback Repository,,5.3,,,,5,3,"Product, Support",,,
6.3,,,,,Post-Launch Support,Product Iteration Planning,"### Description

Plan product improvements and iterations based on analytics and feedback.

### Software product launch context

This phase supports ongoing operations, monitors performance, collects feedback, and plans product iterations based on real-world usage and data.

### Key steps

- Prioritize feature requests and improvements
- Plan product roadmap updates
- Define sprint/iteration plans
- Allocate development resources
- Set goals for next iteration
- Create user stories for improvements
- Get stakeholder approval

### Dependencies

- Upstream tasks: `6.1, 6.2`

### Deliverable

Product Iteration Plan

### Acceptance criteria

- Product roadmap is updated
- Iteration plan is created
- Features are prioritized
- Resources are allocated
- Plan is approved by stakeholders
- Development team is aligned",Product Iteration Plan,,"6.1,6.2",,,,3,2,"Product, PM, Engr",,,
6.4,,,,,Post-Launch Support,Performance Monitoring & Optimization,"### Description

Continue monitoring system performance and optimize as needed.

### Software product launch context

This phase supports ongoing operations, monitors performance, collects feedback, and plans product iterations based on real-world usage and data.

### Key steps

- Monitor system performance metrics
- Identify performance issues
- Optimize slow queries and processes
- Scale infrastructure as needed
- Implement caching improvements
- Conduct performance audits
- Document performance improvements

### Dependencies

- Upstream tasks: `5.5`

### Deliverable

Performance Optimized & Monitored

### Acceptance criteria

- Performance monitoring is active
- Performance issues are identified and resolved
- System scales to meet demand
- Performance benchmarks are maintained
- Optimization improvements are documented
- Performance reports are created regularly",Performance Optimized & Monitored,,5.5,,,,10,5,"DevOps, Backend Engr",,,
6.5,,,,,Post-Launch Support,Customer Success & Support,"### Description

Provide ongoing customer support and success management.

### Software product launch context

This phase supports ongoing operations, monitors performance, collects feedback, and plans product iterations based on real-world usage and data.

### Key steps

- Respond to customer support requests
- Create knowledge base and documentation
- Conduct customer success check-ins
- Identify at-risk customers
- Provide product training and resources
- Track customer satisfaction metrics
- Improve support processes

### Dependencies

- Upstream tasks: `5.4`

### Deliverable

Customer Success Program Active

### Acceptance criteria

- Support team is responding to requests
- Knowledge base is created and maintained
- Customer satisfaction metrics meet targets
- Support processes are documented
- Customer success program is operational
- Support metrics are tracked",Customer Success Program Active,,5.4,,,,15,10,"Customer Success, Support",,,
6.6,,,,,Post-Launch Support,Marketing Optimization,"### Description

Optimize marketing campaigns based on launch performance and data.

### Software product launch context

This phase supports ongoing operations, monitors performance, collects feedback, and plans product iterations based on real-world usage and data.

### Key steps

- Analyze marketing campaign performance
- Optimize underperforming campaigns
- Test new marketing channels
- Refine messaging and targeting
- Improve conversion funnels
- Adjust marketing budget allocation
- Create new content based on data

### Dependencies

- Upstream tasks: `6.1`

### Deliverable

Marketing Campaigns Optimized

### Acceptance criteria

- Campaign performance is analyzed
- Underperforming campaigns are optimized
- New campaigns are tested
- Conversion rates are improved
- Marketing ROI is tracked
- Marketing strategy is updated",Marketing Campaigns Optimized,,6.1,,,,5,3,"Marketing, Analytics",,,
6.7,,,,,Post-Launch Support,Post-Launch Retrospective,"### Description

Conduct retrospective to review launch, identify lessons learned, and plan improvements.

### Software product launch context

This phase supports ongoing operations, monitors performance, collects feedback, and plans product iterations based on real-world usage and data.

### Key steps

- Gather team for retrospective meeting
- Review what went well
- Identify what could be improved
- Document lessons learned
- Create action items for process improvements
- Share findings with stakeholders
- Update project documentation

### Dependencies

- Upstream tasks: `6.1, 6.2, 6.3`

### Deliverable

Retrospective Report & Action Plan

### Acceptance criteria

- Retrospective meeting is conducted
- Lessons learned are documented
- Action items are created and assigned
- Findings are shared with team
- Process improvements are planned
- Documentation is updated",Retrospective Report & Action Plan,,"6.1,6.2,6.3",,,,2,1,"PM, TL, Team",,,
6.8,,,,,Post-Launch Support,Long-Term Roadmap Planning,"### Description

Develop long-term product roadmap and strategic planning.

### Software product launch context

This phase supports ongoing operations, monitors performance, collects feedback, and plans product iterations based on real-world usage and data.

### Dependencies

- Upstream tasks: `6.3, 6.7`

### Deliverable

Long-Term Product Roadmap

### Acceptance criteria

- Long-term roadmap is created
- Strategic goals are defined
- Roadmap is approved by stakeholders
- Team is aligned on long-term vision
- Roadmap is documented and accessible",Long-Term Product Roadmap,,"6.3,6.7",,,,3,2,"Product, PM, Executives",,,
